dataset,species,range_km,regime,sill_share,lag_min_km,lag_max_km,dist_max_km,range_optim_km
EBS,Careproctus rastrinus,,no structure,0,4.96659614444848,365.395574392916,1182.30101283003,546.249207654303
EBS,Gymnocanthus galeatus,42.9897804423718,identified,0.209552061457419,5.07804442014052,365.577474093121,1197.80928239226,546.432099192065
EBS,Limanda sakhalinensis,,no structure,0,5.28529707557892,366.448645691581,1201.09035557516,547.918196572647
EBS,Careproctus phasma,118.210548093478,identified,0.261403808348779,5.36890666453019,366.697839180086,1201.52832580988,118.497038306563
EBS,Lumpenus sagitta,,no sill,0.51452069136918,5.12875724445044,367.764481236236,1196.83688978425,92784.3032764006
EBS,Hippoglossoides robustus,214.9177263887,identified,0.333056440707929,4.74972061331743,365.749552978206,1198.94485988111,216.232450790497
EBS,Rajidae,,no structure,0,5.56692342385298,369.026761590264,1201.95596091409,551.621955425612
EBS,Bathymaster signatus,,below lags,0.990157858470421,5.01731285903388,367.955086913195,1198.8107301835,550.04574439607
EBS,Occella dodecaedron,445.06499544629,identified,0.0941664639580909,4.95665195352224,366.245053297119,1198.10128206489,445.441870767237
EBS,Liparis gibbus,76.6132227797145,identified,0.193311112418386,4.96618925397806,362.180602547616,1198.27212317618,76.5898841365423
EBS,Pleuronectes quadrituberculatus,,below lags,0.991064493259749,4.78472018144718,365.090929399101,1198.80081804354,545.743811762685
EBS,Hippoglossus stenolepis,212.908213945047,identified,0.106304789733643,5.0268990585008,362.595524599482,1199.68095341969,212.166090509836
EBS,Atheresthes stomias,115.153655797674,identified,0.0845056193142407,5.74034295542266,372.673272363693,1198.75593202375,557.084096229105
EBS,Atheresthes evermanni,,no structure,0,5.28611184354963,371.178073313622,1198.50505473762,554.777857935155
EBS,Clupea pallasii,,no structure,0.0356788881701019,4.81180530306361,363.723231670603,1200.22223352091,543.774297617984
NS-IBTS,Entelurus aequoreus,250.925228660595,identified,0.146284340412069,15.6924249686162,424.818095747329,1200.5158964943,251.321252407192
NS-IBTS,Trachinus draco,,no structure,0,15.9328459315623,420.067052686159,1181.745368055,631.597022916579
NS-IBTS,Lycodes vahlii,,no structure,0,15.8290600165905,413.286710133706,1188.25536312359,621.162100605218
NS-IBTS,Pollachius pollachius,,no structure,0,16.0866137198808,427.051459202133,1186.40838666642,642.131657108337
NS-IBTS,Ammodytidae,,no structure,0,15.6228434653203,413.996387715047,1193.9348344098,622.486078652136
NS-IBTS,Merluccius merluccius,,no sill,0.132469072794126,15.4181607851661,414.042233395379,1185.47224285376,622.115931803099
NS-IBTS,Agonus cataphractus,388.154154025857,identified,0.290280202118312,15.368301415496,416.958699572703,1176.60078183984,388.10596699932
NS-IBTS,Echiichthys vipera,296.058974418726,identified,0.235719336817467,15.44192732547,417.799034004839,1194.58803369366,297.146889694263
NS-IBTS,Scophthalmus maximus,55.54095967755,identified,0.0828877462086745,15.5986392485905,412.413845189918,1185.58872382819,619.868204137533
NS-IBTS,Scophthalmus rhombus,,no structure,0,15.3702973409043,409.772658477621,1196.52716537516,615.762502798639
NS-IBTS,Pleuronectes platessa,230.552668798694,identified,0.361789113170584,15.9239323196702,418.863750775209,1194.15109291631,231.140701648949
NS-IBTS,Melanogrammus aeglefinus,,no structure,0,15.3933824220783,418.317751590372,1194.54441820164,629.029734580054
NS-IBTS,Sprattus sprattus,504.408946073467,identified,0.329935230113979,15.4711392409962,406.035488637207,1192.25447974592,506.080078340637
NS-IBTS,Callionymus lyra,638.112364650448,identified,0.15993057687255,15.6162412192817,415.901807891592,1199.39830046642,624.926356941214
NS-IBTS,Amblyraja radiata,285.01625872645,identified,0.269955799843043,15.6402393276797,419.568105689647,1177.79923405364,286.34332939411
GMEX,Etrumeus sadina,,no structure,0,18.4000252632261,432.385891156035,1503.64411864389,649.957940321762
GMEX,Urophycis cirrata,,below lags,0.827976608094867,18.9293381210013,443.046484090092,1513.93294301611,135773.89623304
GMEX,Serranus phoebe,,no sill,0.625093366777159,18.57266536631,429.332314764725,1507.75188525291,397179.873817908
GMEX,Bregmaceros atlanticus,,below lags,1,18.547313975899,434.394577213662,1511.81510736095,36.6269590320136
GMEX,Symphurus civitatum,,no structure,0,18.8817887153915,439.649237871987,1498.27206328155,660.786005225132
GMEX,Porichthys plectrodon,91.8373846649324,identified,0.0864027594133519,18.529739349206,436.394098011388,1516.11061077237,92.3053753401127
GMEX,Citharichthys spilopterus,,no structure,0,18.5295261060249,434.626257042086,1506.75290986145,653.082800872032
GMEX,Orthopristis chrysoptera,,no sill,0.316928983901753,18.7251986430019,435.225762896419,1518.3402109374,85904.0110901908
GMEX,Decapterus punctatus,,no sill,0.415587739853494,18.5674795864727,437.506068392372,1507.34105803363,657.281210665755
GMEX,Engyophrys senta,,below lags,0.990972070190362,18.4800318879637,435.027983768948,1503.14184797752,25.5919138678272
GMEX,Synodus foetens,175.311128793713,identified,0.118590376818068,18.0478874926864,423.186889379553,1507.33944571453,175.642454302322
GMEX,Peprilus burti,769.100824215242,identified,0.0909686590009732,18.2712488427244,430.159616393955,1510.46561749102,769.727897773454
GMEX,Leiostomus xanthurus,,no sill,0.0766737599848447,18.211248871501,425.258819421632,1506.19438309936,108695.941896756
GMEX,Trachurus lathami,,no structure,0.0399794614754831,19.0327236397796,442.396997567488,1506.99048730998,59133.9985032389
GMEX,Diplectrum bivittatum,805.835105881917,identified,0.126893304302492,17.8916349327357,423.724276317112,1500.44840367651,809.024829321307
NEUS,Myctophidae,,below lags,1,16.1103243461402,379.483949457414,1590.39392904022,570.477015557748
NEUS,Merluccius albidus,,no sill,0.43995259049573,16.1790348911551,379.905219932479,1546.52576394223,259486.935079635
NEUS,Decapterus punctatus,,no structure,0,15.904510686753,378.718578837537,1592.18829492454,569.271918846483
NEUS,Phycis chesteri,48.3835050176994,identified,0.539011318105496,16.2788986530168,376.708371855722,1579.53301999552,237685.157997908
NEUS,Caranx crysos,,below lags,1,16.3134055850762,384.250747995483,1583.93925296744,201151.853473502
NEUS,Hippoglossoides platessoides,214.238392247258,identified,0.405523384875257,16.1676929052253,376.955248128669,1613.07487353262,213.233306496783
NEUS,Prionotus carolinus,,no structure,0.000154000528845801,16.0630847626309,378.954415283807,1614.91794488762,569.892934102752
NEUS,Mustelus canis,,no structure,0,16.151044059969,371.042686142127,1614.96582625113,558.173432959008
NEUS,Dipturus laevis,164.596895709764,identified,0.37317833732425,15.9826160554734,379.542419488836,1564.12760221798,163.947782506912
NEUS,Etrumeus sadina,,no structure,0,16.8356789914106,388.867419390739,1627.13666448597,584.907219141152
NEUS,Merluccius bilinearis,,no sill,0.206650583212271,16.5926241230348,388.844754550646,1608.20036731851,156984.537514662
NEUS,Peprilus triacanthus,,below lags,0.260339739633233,16.3168026521851,380.5692938118,1564.26184938379,572.498277724236
NEUS,Lophius americanus,1088.11645455573,identified,0.253530300850107,15.9936612561983,373.930735855472,1552.61131685622,1093.45373736192
NEUS,Alosa pseudoharengus,259.917257374462,identified,0.404971707281187,16.0984595881048,375.903760512016,1579.68519604072,260.673991736053
NEUS,Leucoraja ocellata,403.575765247696,identified,0.213660390560786,16.6885194198594,387.78057653236,1588.48079854097,402.995458603697
