term,estimate,se
(Intercept),0.601988384862742,0.0811013505059157
spatialTRUE,-0.00378921790200861,0.000792056628988055
familygam,0.00434121453112466,0.00112013722688241
familygeostatistical,-0.00970504234471207,0.00112013722688241
familyjsdm,-0.107122708801936,0.00112028382295259
familypresence_only,0.0112519749965075,0.000792056628988054
familytree,0.015804922335045,0.000792056628988048
log10n,0.0399597771013684,0.00234398645566994
log2_fill,-0.00358847801366541,0.00840333068691804
bandintermediate,-0.020712000595491,0.0208126959982696
bandrare,-0.0142923876956889,0.0208166019060882
