band,n,coverage,n_fail
intermediate,30,intermediate,212
intermediate,30,clustered,237
intermediate,30,distributed,216
intermediate,50,clustered,47
intermediate,50,distributed,31
intermediate,50,intermediate,20
intermediate,100,distributed,1
intermediate,100,clustered,18
intermediate,100,intermediate,3
intermediate,200,clustered,15
intermediate,500,clustered,7
rare,30,intermediate,2217
rare,30,clustered,1949
rare,30,distributed,1903
rare,50,intermediate,1195
rare,50,clustered,1125
rare,50,distributed,834
rare,100,clustered,452
rare,100,distributed,255
rare,100,intermediate,375
rare,200,clustered,230
rare,200,intermediate,168
rare,200,distributed,72
rare,500,clustered,99
rare,500,intermediate,59
rare,500,distributed,7
