dataset,coverage,n,fill_km_mean,fill_km_sd
EBS,clustered,30,444.7898978195,82.1164639679387
EBS,distributed,30,132.355803610849,15.0486181923031
EBS,intermediate,30,293.704328058518,53.0030275482427
EBS,clustered,50,430.918756684459,77.8641827946028
EBS,distributed,50,98.8931735824574,11.2525525464733
EBS,intermediate,50,275.202992468669,48.6455886668602
EBS,clustered,100,423.373419259741,80.1730293691089
EBS,distributed,100,77.7177327179909,6.22075024577855
EBS,intermediate,100,257.457494760362,48.0339607168874
EBS,clustered,200,412.802591851208,77.8232718294563
EBS,distributed,200,50.7921491975133,4.88981832887008
EBS,intermediate,200,248.975945129454,45.3422939664314
EBS,clustered,500,414.164099062036,78.5067071009674
EBS,distributed,500,36.6680785833053,2.10560751882416
EBS,intermediate,500,245.632108627478,46.1865685384735
GMEX,clustered,30,699.890055171238,277.471349385784
GMEX,distributed,30,123.203984525401,27.7128467864683
GMEX,intermediate,30,477.667737837693,219.050120562338
GMEX,clustered,50,670.91430857036,260.001790358064
GMEX,distributed,50,99.7896631589877,23.5228599535235
GMEX,intermediate,50,456.953990432962,209.579971571285
GMEX,clustered,100,634.238319877836,236.926379345199
GMEX,distributed,100,69.8451864823781,13.9824407091339
GMEX,intermediate,100,417.86634974747,187.685984781371
GMEX,clustered,200,625.242332519381,228.591970632591
GMEX,distributed,200,47.4326083665451,8.58671176714302
GMEX,intermediate,200,401.598542857941,177.763811712696
GMEX,clustered,500,619.211872393887,226.38711905942
GMEX,distributed,500,29.26996718301,4.85418132366243
GMEX,intermediate,500,394.601484613384,176.61583072765
NEUS,clustered,30,566.140047276363,153.572685545906
NEUS,distributed,30,134.432116751237,23.6937000831587
NEUS,intermediate,30,364.594231556856,101.255457046751
NEUS,clustered,50,553.601185711404,150.277765508697
NEUS,distributed,50,101.919395487647,15.4075498568006
NEUS,intermediate,50,341.490325748141,96.4394557771968
NEUS,clustered,100,530.396736715086,148.118453319278
NEUS,distributed,100,74.7531761859797,10.0586296948649
NEUS,intermediate,100,317.90986992869,86.9921101900832
NEUS,clustered,200,518.79262861713,146.643893698698
NEUS,distributed,200,50.345796671878,6.10335660981504
NEUS,intermediate,200,311.09884554796,91.462474184088
NEUS,clustered,500,503.233243466555,144.813118432844
NEUS,distributed,500,30.7256894442799,2.94362786492525
NEUS,intermediate,500,294.277163516157,92.1260977827398
NS-IBTS,clustered,30,490.509890646127,91.5146135407609
NS-IBTS,distributed,30,151.782886254553,17.0770804424302
NS-IBTS,intermediate,30,344.142181101604,60.2828790995113
NS-IBTS,clustered,50,480.804513223152,91.7919283912293
NS-IBTS,distributed,50,115.615667266069,12.8274064289442
NS-IBTS,intermediate,50,322.659338131953,55.206134255289
NS-IBTS,clustered,100,469.009626512935,87.7741930317313
NS-IBTS,distributed,100,85.8015008313143,9.46365152155329
NS-IBTS,intermediate,100,304.666177514086,54.2927605488079
NS-IBTS,clustered,200,462.483133207621,89.2693717055719
NS-IBTS,distributed,200,57.971491893588,4.41154297420318
NS-IBTS,intermediate,200,286.698499683959,49.0278638171824
NS-IBTS,clustered,500,446.449308570339,87.1057422053901
NS-IBTS,distributed,500,36.3126578824444,3.06392208018594
NS-IBTS,intermediate,500,279.438722808888,48.7416400091574
