method,target,AUC,AUC_sd,TSS,RMSE,R2,Brier,Spearman,calib_slope,gap_AUC,n_fits
SpatialRF,conditional,0.782076855868105,0.122270632773422,0.308685782211681,0.29611611931266,0.0881671001123801,0.099574793633461,0.318784070495547,0.669362170698871,0.217881541095883,85638
SpatialGAM,conditional,0.767772135060844,0.131686336463011,0.301505150458405,0.306881594025655,-0.0386389955892815,0.106755553040024,0.319776307831962,0.72396223165535,0.126824719254236,85638
GeostatGP,conditional,0.765582971611846,0.129587986768062,0.299212572704851,0.319459005812573,-0.189725939320174,0.115118316018778,0.316827227098539,0.485780829747862,0.146254469442335,85638
RF,conditional,0.752153181758562,0.126898835631375,0.273087637672495,0.305038104452169,0.0412142065910565,0.1058449685255,0.284755241107962,0.518337336261606,0.246854938500435,85638
MaxEntPO,conditional,0.736928518187806,0.136979100695518,0.239864285690629,0.370147477450755,-1.21854416436797,0.155326552227718,0.271404313815037,1.11413745508532,0.0953685763647572,85638
BRT,conditional,0.733068726239503,0.126876827455404,0.250688364002271,0.345510189530482,-0.275947171247731,0.135979556639895,0.279589460872287,0.185285599259238,0.264328864412755,85638
JointSDM,conditional,0.576574273865633,0.166153173037258,0.0660176884442763,0.326252306388858,-0.0317540498780406,0.122405048359961,0.0837209752027202,0.786940271474613,0.0433962104997871,85638
RF,marginal,0.662094689607352,0.166678567162272,0.149246694429649,0.335650629681444,-1.52640598689261,0.136180399960871,0.164684501467005,0.325381148409146,0.336884954291736,82615
SpatialRF,marginal,0.6583054717056,0.182630314406821,0.153557398007112,0.352035127913927,-2.36359240512692,0.147091058236658,0.164587703728936,1.16101822009829,0.341649897700818,82615
MaxEntPO,marginal,0.657541742268938,0.178345827183634,0.133973706440025,0.379109166623112,-3.97469120525363,0.170447184107778,0.159308784160619,0.631598990611358,0.169983333170477,82615
SpatialGAM,marginal,0.646841763901553,0.182041876979503,0.139815787745917,0.361172247712049,-2.83160389161505,0.171278526534758,0.161282398934751,0.387801994273331,0.241126366841129,82615
BRT,marginal,0.646289767273124,0.161324076526814,0.134125980095889,0.379173752880181,-2.60810195602278,0.176608457247744,0.157727108164308,0.121537114958535,0.351009088293625,82615
GeostatGP,marginal,0.632795507025715,0.176928045680749,0.128211998170402,0.412443023955766,-5.85186360846119,0.224415324387027,0.152158940945583,0.211553857828949,0.27345444115809,82615
JointSDM,marginal,0.535373809539594,0.197668775308356,0.0317939502516156,0.365214510071785,-2.79256332151615,0.169712591451493,0.0317230750575202,0.336911925126934,0.0890351342982504,82615
