method,bin,x,y,k
GeostatGP,"(0.8,1]",7.80573283481415,-0.487260925764975,208
JointSDM,"(-1.8,-1.6]",0.0204705262386397,-0.0131879371142267,410
JointSDM,"[-2,-1.8]",0.012828185972686,-0.0184135992973234,240
GeostatGP,"(0.6,0.8]",4.95749241903636,-0.0142978051899873,272
RF,"(0.6,0.8]",4.79413357419796,0.0370594558110611,209
BRT,"(0,0.2]",1.19328855289042,-0.00213603927776922,299
BRT,"(0.8,1]",7.55955492902546,-0.00499870418531792,27
RF,"(0.8,1]",7.5307229343424,0.0293950098166666,77
MaxEntPO,"[-2,-1.8]",0.0132775100674794,-0.0545116596826285,329
SpatialRF,"(-1.8,-1.6]",0.0206795374238949,-0.00446186594792472,394
BRT,"(0.4,0.6]",3.17746902152662,-0.00498832356250421,31
BRT,"(0.2,0.4]",1.8801152377247,-0.00249839309505349,96
MaxEntPO,"(-1.8,-1.6]",0.0206712713511314,-0.0373621909079449,499
SpatialRF,"[-2,-1.8]",0.013136905336268,-0.00235203194741222,268
BRT,"(0.6,0.8]",4.97108700448112,-0.00249572820573064,36
