target,method,AUC,TSS,Spearman,Brier,RMSE,R2_median,calibration_slope_median,train_minus_test_AUC,fits
conditional,RF,0.752,0.273,0.285,0.106,0.305,0.052,0.52,0.247,85638
conditional,SpatialRF,0.782,0.309,0.319,0.1,0.296,0.095,0.67,0.218,85638
conditional,BRT,0.733,0.251,0.28,0.136,0.346,-0.171,0.19,0.264,85638
conditional,MaxEntPO,0.737,0.24,0.271,0.155,0.37,-0.062,1.11,0.095,85638
conditional,SpatialGAM,0.768,0.302,0.32,0.107,0.307,0.069,0.72,0.127,85638
conditional,GeostatGP,0.766,0.299,0.317,0.115,0.319,0.037,0.49,0.146,85638
conditional,JointSDM,0.577,0.066,0.084,0.122,0.326,-0.009,0.79,0.043,85638
marginal,RF,0.662,0.149,0.165,0.136,0.336,-0.202,0.33,0.337,82615
marginal,SpatialRF,0.658,0.154,0.165,0.147,0.352,-0.223,1.16,0.342,82615
marginal,BRT,0.646,0.134,0.158,0.177,0.379,-0.453,0.12,0.351,82615
marginal,MaxEntPO,0.658,0.134,0.159,0.17,0.379,-0.312,0.63,0.17,82615
marginal,SpatialGAM,0.647,0.14,0.161,0.171,0.361,-0.134,0.39,0.241,82615
marginal,GeostatGP,0.633,0.128,0.152,0.224,0.412,-0.257,0.21,0.273,82615
marginal,JointSDM,0.535,0.032,0.032,0.17,0.365,-0.188,0.34,0.089,82615
