survey,species,band,presences,prevalence_pct,niche_breadth,trophic_proxy
Eastern Bering Sea,Careproctus rastrinus,rare,650,4.7,0.46,2
Eastern Bering Sea,Gymnocanthus galeatus,rare,519,3.8,0.65,2
Eastern Bering Sea,Limanda sakhalinensis,rare,495,3.6,0.46,2
Eastern Bering Sea,Careproctus phasma,rare,319,2.3,0.54,2
Eastern Bering Sea,Lumpenus sagitta,rare,306,2.2,0.76,2
Eastern Bering Sea,Hippoglossoides robustus,intermediate,3192,23.1,0.76,2
Eastern Bering Sea,Rajidae,intermediate,2236,16.2,0.85,3
Eastern Bering Sea,Bathymaster signatus,intermediate,1542,11.2,0.29,2
Eastern Bering Sea,Occella dodecaedron,intermediate,1032,7.5,0.21,2
Eastern Bering Sea,Liparis gibbus,intermediate,722,5.2,0.55,2
Eastern Bering Sea,Pleuronectes quadrituberculatus,common,9491,68.8,0.79,2
Eastern Bering Sea,Hippoglossus stenolepis,common,9406,68.1,0.97,2
Eastern Bering Sea,Atheresthes stomias,common,6841,49.6,0.7,2
Eastern Bering Sea,Atheresthes evermanni,common,4632,33.6,0.53,2
Eastern Bering Sea,Clupea pallasii,common,3582,25.9,0.72,1
Gulf of Mexico,Etrumeus sadina,rare,1198,5,0.87,1
Gulf of Mexico,Urophycis cirrata,rare,941,3.9,0.18,3
Gulf of Mexico,Serranus phoebe,rare,703,2.9,0.4,2
Gulf of Mexico,Bregmaceros atlanticus,rare,548,2.3,0.68,3
Gulf of Mexico,Symphurus civitatum,rare,489,2,0.74,2
Gulf of Mexico,Porichthys plectrodon,intermediate,5982,24.9,0.93,2
Gulf of Mexico,Citharichthys spilopterus,intermediate,3473,14.5,0.84,2
Gulf of Mexico,Orthopristis chrysoptera,intermediate,2040,8.5,0.53,2
Gulf of Mexico,Decapterus punctatus,intermediate,1508,6.3,0.91,2
Gulf of Mexico,Engyophrys senta,intermediate,1204,5,0.57,2
Gulf of Mexico,Synodus foetens,common,16351,68.1,0.92,3
Gulf of Mexico,Peprilus burti,common,10802,45,0.99,2
Gulf of Mexico,Leiostomus xanthurus,common,8638,36,0.93,2
Gulf of Mexico,Trachurus lathami,common,7171,29.9,0.76,2
Gulf of Mexico,Diplectrum bivittatum,common,6672,27.8,0.61,2
North Sea (IBTS),Entelurus aequoreus,rare,1224,5,0.9,2
North Sea (IBTS),Trachinus draco,rare,1027,4.2,0.47,2
North Sea (IBTS),Lycodes vahlii,rare,838,3.4,0.49,2
North Sea (IBTS),Pollachius pollachius,rare,608,2.5,0.54,3
North Sea (IBTS),Ammodytidae,rare,495,2,0.34,2
North Sea (IBTS),Merluccius merluccius,intermediate,5977,24.2,0.59,3
North Sea (IBTS),Agonus cataphractus,intermediate,3846,15.6,0.69,2
North Sea (IBTS),Echiichthys vipera,intermediate,2524,10.2,0.32,2
North Sea (IBTS),Scophthalmus maximus,intermediate,1777,7.2,0.61,2
North Sea (IBTS),Scophthalmus rhombus,intermediate,1329,5.4,0.56,2
North Sea (IBTS),Pleuronectes platessa,common,18117,73.5,0.86,2
North Sea (IBTS),Melanogrammus aeglefinus,common,16293,66.1,0.75,3
North Sea (IBTS),Sprattus sprattus,common,13040,52.9,0.74,1
North Sea (IBTS),Callionymus lyra,common,8331,33.8,0.83,2
North Sea (IBTS),Amblyraja radiata,common,7389,30,0.73,3
Northeast US shelf,Myctophidae,rare,1732,4.8,0.21,2
Northeast US shelf,Merluccius albidus,rare,1236,3.4,0.09,3
Northeast US shelf,Decapterus punctatus,rare,1106,3.1,0.31,2
Northeast US shelf,Phycis chesteri,rare,817,2.3,0.04,3
Northeast US shelf,Caranx crysos,rare,730,2,0.17,2
Northeast US shelf,Hippoglossoides platessoides,intermediate,8946,25,0.55,2
Northeast US shelf,Prionotus carolinus,intermediate,6576,18.3,0.65,2
Northeast US shelf,Mustelus canis,intermediate,3494,9.7,0.4,3
Northeast US shelf,Dipturus laevis,intermediate,2658,7.4,0.66,3
Northeast US shelf,Etrumeus sadina,intermediate,1802,5,0.51,1
Northeast US shelf,Merluccius bilinearis,common,22937,64,0.91,3
Northeast US shelf,Peprilus triacanthus,common,13770,38.4,0.91,2
Northeast US shelf,Lophius americanus,common,10029,28,0.72,3
Northeast US shelf,Alosa pseudoharengus,common,9279,25.9,0.96,1
Northeast US shelf,Leucoraja ocellata,common,9036,25.2,0.72,3
