dataset,species,non_spatial,spatial,advantage,n_env
EBS,Careproctus rastrinus,0.594747895128729,0.423060138044536,-0.171687757084193,3
EBS,Hippoglossoides robustus,0.741943659578927,0.734057001543098,-0.00788665803582878,3
EBS,Pleuronectes quadrituberculatus,0.724271252006811,0.691077640323029,-0.0331936116837822,3
GMEX,Etrumeus sadina,0.620896446166995,0.595976399211742,-0.0249200469552526,3
GMEX,Porichthys plectrodon,0.535366307325854,0.538122525988585,0.0027562186627309,3
GMEX,Synodus foetens,0.603944987111577,0.559875262510363,-0.0440697246012144,3
NEUS,Hippoglossoides platessoides,0.606591110232095,0.603053947397882,-0.00353716283421324,3
NEUS,Merluccius bilinearis,0.615549113452569,0.642612266470331,0.0270631530177619,3
NEUS,Myctophidae,0.756718465569514,0.733300429251712,-0.0234180363178023,3
NS-IBTS,Entelurus aequoreus,0.750039053680896,0.570686662847396,-0.1793523908335,1
NS-IBTS,Merluccius merluccius,0.677190630376737,0.597013553740132,-0.0801770766366056,1
NS-IBTS,Pleuronectes platessa,0.656774453015718,0.600461671643257,-0.0563127813724608,1
