method,n,AUC,sd,n_fits
RF,30,0.693518098864787,0.155738650781365,258
RF,50,0.706595218438144,0.159751672699755,282
RF,100,0.716640122882152,0.144676478998506,286
RF,200,0.731768247989695,0.143826719830323,286
RF,500,0.750601658312017,0.14340467922441,288
SpatialRF,30,0.695456786946292,0.15469691135439,258
SpatialRF,50,0.705858099890685,0.166470626807697,282
SpatialRF,100,0.713714430387099,0.163556280203907,286
SpatialRF,200,0.737581207677247,0.159382503146092,286
SpatialRF,500,0.754159905192676,0.162113719455143,288
BRT,30,0.667401893811694,0.153795936673698,258
BRT,50,0.686698989023207,0.155336856620319,282
BRT,100,0.688828989806712,0.13483638485315,286
BRT,200,0.721140139613324,0.143789404637131,286
BRT,500,0.741015630822696,0.149802635627359,288
MaxEntPO,30,0.671569312184368,0.164927041297457,258
MaxEntPO,50,0.68316549611455,0.167828071852765,282
MaxEntPO,100,0.697627799941117,0.159366051726241,286
MaxEntPO,200,0.707545276418412,0.163473979434184,286
MaxEntPO,500,0.728382671439626,0.145385993102675,288
SpatialGAM,30,0.652619641168804,0.166801543060462,258
SpatialGAM,50,0.661666184264491,0.17952384331538,282
SpatialGAM,100,0.690327999813866,0.180013835221046,286
SpatialGAM,200,0.71449188638701,0.192195609296375,286
SpatialGAM,500,0.736107170164684,0.178954918299748,288
GeostatGP,30,0.635790716044532,0.162383312211048,258
GeostatGP,50,0.661500598818149,0.167883475526491,282
GeostatGP,100,0.683686189452301,0.173648324300498,286
GeostatGP,200,0.717108467117894,0.177555153865221,286
GeostatGP,500,0.735145123452011,0.171205190799726,288
JointSDM,30,0.618417731392443,0.187336187220506,258
JointSDM,50,0.61503128760673,0.199904078091874,282
JointSDM,100,0.615160675419639,0.208939060098086,286
JointSDM,200,0.644367236407497,0.198553676939627,286
JointSDM,500,0.649975037301335,0.189417942628351,288
