from,to,kind,pearson,resid_sd,rel_resid_range,rel_resid_idr,within_context_sd,target_shift,survey_shift,survey_shift_weighted,pool_bound,eta2,binding_shift,class_range,class_idr,pooled_exceeds_bound,n_rep,stab_range,stab_idr
TSS,Spearman,empirical,0.912884801314329,0.090510237947643,0.059277016576382,0.154226056131149,0.0841693047684595,0.0151571022268485,0.0235419486536144,0.0239928847525454,0.0146925812752847,0.83805023849393,survey,reliable,context dependent,TRUE,100,0.98,0.96
AUC,TSS,empirical,0.790434472666319,0.136087504747862,0.0864479673017371,0.220552991705181,0.131680685000937,0.0346637443897136,0.0240339937890974,0.0253824978362777,0.0155435420240446,0.672954529645654,inference target,reliable,unreliable,TRUE,100,0.61,0.95
TSS,AUC,empirical,0.790434472666319,0.10374935654517,0.10374935654517,0.244412606488554,0.0981322063223709,0.0272588550645831,0.0306963882275954,0.0298994258707731,0.0183095842463912,0.633712173893285,survey,context dependent,unreliable,TRUE,100,0.61,0.98
AUC,R2,empirical,0.172225388128541,7.82729043380284,0.0297594744200187,4.20367377979752,7.6286279188168,2.26698141002848,1.46174697380588,1.06506813922145,0.652218370597028,0.0557687287027274,inference target,unreliable,unreliable,TRUE,100,1,1
AUC,RMSE,empirical,-0.236011855486907,0.144628479874012,0.156203570989498,0.383152429530982,0.133270159106699,0.0804189895855656,0.067837385086057,0.0585354598809138,0.0358455021418486,0.128763958381032,inference target,context dependent,unreliable,TRUE,100,0.65,1
AUC,Brier,empirical,-0.269231919004077,0.127142699595829,0.133281591802979,0.437815234216754,0.116909625605021,0.0789415245048449,0.060017415898828,0.0522364698012738,0.0319881742443558,0.116568852110924,inference target,context dependent,unreliable,TRUE,100,0.87,1
Brier,MAE,"empirical, bounded (Prop. 1)",0.907323204166357,0.0575980051522919,0.0601889214410227,0.139605440411341,0.0557996601242227,0.00618329886564198,0.0155270084857926,0.0152163791549394,0.00931809116558097,0.878840521723365,survey,reliable,context dependent,TRUE,100,0.9,0.99
MAE,Brier,"empirical, bounded (Prop. 1)",0.907323204166357,0.0484103682895722,0.0507477894201822,0.16670085501247,0.0458238313222293,0.0239168425713871,0.0163505575136634,0.0114677082173317,0.00702250841289612,0.871921921678597,inference target,reliable,context dependent,TRUE,100,0.98,0.96
Brier,RMSE,exact given prevalence,0.967326087143083,0.00944070444208297,0.0101962749507869,0.0250104878832928,0.00704253638502461,0.00868813065105434,0.0034809160829801,0.0041462461094025,0.00253904682900902,0.996287698701831,inference target,reliable,reliable,TRUE,100,1,1
RMSE,Brier,exact given prevalence,0.967326087143083,0.00130903881113168,0.00137224376259219,0.00450766843488699,0.000903931888081264,0.00151394421351853,0.000551167069647305,0.000483117083211836,0.00029584758497268,0.99990635023212,inference target,reliable,reliable,TRUE,100,1,1
R2,RMSE,exact given prevalence,-0.167783329938647,0.147671212093853,0.15948982303832,0.391213291703218,0.136340375635093,0.0448175480862596,0.12239255182126,0.0425134265917793,0.0260340505917822,0.0917119530494777,survey,unreliable,unreliable,TRUE,100,0.87,1
RMSE,R2,exact given prevalence,-0.167783329938647,7.70862076594517,0.0293082905812549,4.13994181846947,7.16064373632611,1.49062104939491,1.24282408699633,1.07439132809941,0.657927634478677,0.0841516099768682,inference target,unreliable,unreliable,TRUE,100,1,1
Brier,R2,exact given prevalence,-0.213902723882352,7.61853331719686,0.0289657767638281,4.0915600381593,6.7218379114011,1.09520886697333,1.60552517001884,1.26195882340396,0.772788798435681,0.10543574215278,survey,unreliable,unreliable,TRUE,100,1,1
R2,Brier,exact given prevalence,-0.213902723882352,0.125160913187332,0.131204117846726,0.430990962879416,0.113171125738605,0.030449125722928,0.113937234833638,0.0328638458636502,0.0201249133378546,0.143877678208814,survey,unreliable,unreliable,TRUE,100,0.83,1
AUC,Spearman,exact given score distribution,0.851639568711578,0.113033666554784,0.0740280732654032,0.192605135044192,0.106308450916066,0.02815740530657,0.0205779825118567,0.0205934684509284,0.0126108724347195,0.747417732295615,inference target,reliable,unreliable,TRUE,100,0.84,0.74
Spearman,AUC,exact given score distribution,0.851639568711578,0.0790859484079749,0.0790859484079749,0.185919557413955,0.0707802325956893,0.0243103858577144,0.0385924663194684,0.0387946334094264,0.0237567641528559,0.786677653933541,survey,reliable,unreliable,TRUE,100,0.67,0.52
