term,Estimate,Std. Error,t value
(Intercept),0.604179790943765,0.0437501425624418,13.8097787928681
spatialTRUE,0.00153060543810309,0.00477996978190402,0.320212367010696
familygam,-0.0113587428338449,0.00675989809330223,-1.68031273209567
familygeostatistical,-0.0155136306235262,0.00675989809330223,-2.29495036898518
familyjsdm,-0.0744549517733616,0.00675989809330223,-11.0142121590756
familypresence_only,-0.00352229609839154,0.00477996978190402,-0.736886687385813
familytree,0.0186450832648705,0.00477996978190402,3.90066969365725
log10n,0.0587788875222739,0.00732207428531686,8.02762785951854
coverageintermediate,0.0233084999692982,0.00775315895182893,3.00632298578115
coveragedistributed,0.0317048299281185,0.00774934182326842,4.09129325446977
targetmarginal,-0.125842800535959,0.00632701577166769,-19.8897560994682
bandintermediate,0.0255625290965455,0.0464595415898414,0.550210532041385
bandcommon,0.034801777547956,0.0464582911128992,0.749097237851119
