bin,log1p_separation_median,spatial,nonspatial,share_range_below_100km,median_range_km,gap
1,0.010957924544186,0.0554638062928563,0.040681679264878,0.0496772382823463,445.06499544629,0.0147821270279782
2,0.0362895951784894,0.0498616473964277,0.0331748438874365,0.0836642201098945,296.058974418726,0.0166868035089912
3,0.0747246615657105,0.0512610570783606,0.0338503817648151,0.0968634686346864,296.058974418726,0.0174106753135454
4,0.13654214834269,0.0685523050031846,0.044849272633707,0.0864281703697762,259.917257374462,0.0237030323694776
5,0.214541720754609,0.0776110938287344,0.0415382805460118,0.112002245659061,296.058974418726,0.0360728132827226
6,0.304480958676816,0.0884683182770172,0.0451742843558314,0.135576229048039,285.01625872645,0.0432940339211858
7,0.421325094337267,0.0946889156288763,0.0503851849985978,0.141774284110051,250.925228660595,0.0443037306302785
8,0.579957207619985,0.118236196546893,0.0629400490500218,0.179098492139878,214.9177263887,0.0552961474968713
9,0.816957303412701,0.12590679104739,0.0579653132287447,0.27400336889388,175.311128793713,0.0679414778186456
10,1.44929300524002,0.0754482764628238,0.00559160949382467,0.821460088247092,55.54095967755,0.0698566669689991
